<?xml version="1.0" encoding="UTF-8"?>
<project-private xmlns="http://www.netbeans.org/ns/project-private/1">
    <editor-bookmarks xmlns="http://www.netbeans.org/ns/editor-bookmarks/2" lastBookmarkId="0"/>
    <open-files xmlns="http://www.netbeans.org/ns/projectui-open-files/2">
        <group>
            <file>file:/C:/Users/wassim%20mahmoud/Desktop/BusStation/src/busstation/SignUpGui.java</file>
            <file>file:/C:/Users/wassim%20mahmoud/Desktop/BusStation/src/busstation/Adminstor.java</file>
            <file>file:/C:/Users/wassim%20mahmoud/Desktop/BusStation/src/busstation/Login.java</file>
            <file>file:/C:/Users/wassim%20mahmoud/Desktop/BusStation/src/busstation/helperinterface.java</file>
            <file>file:/C:/Users/wassim%20mahmoud/Desktop/BusStation/src/busstation/DriverList.java</file>
            <file>file:/C:/Users/wassim%20mahmoud/Desktop/BusStation/src/busstation/Bus.java</file>
            <file>file:/C:/Users/wassim%20mahmoud/Desktop/BusStation/src/busstation/CustomerVie.java</file>
            <file>file:/C:/Users/wassim%20mahmoud/Desktop/BusStation/src/busstation/limo.java</file>
            <file>file:/C:/Users/wassim%20mahmoud/Desktop/BusStation/src/busstation/vehicle.java</file>
            <file>file:/C:/Users/wassim%20mahmoud/Desktop/BusStation/src/busstation/readFiles.java</file>
        </group>
    </open-files>
</project-private>
