<?xml version="1.0" encoding="UTF-8"?>
<project-private xmlns="http://www.netbeans.org/ns/project-private/1">
    <editor-bookmarks xmlns="http://www.netbeans.org/ns/editor-bookmarks/2" lastBookmarkId="0"/>
    <open-files xmlns="http://www.netbeans.org/ns/projectui-open-files/2">
        <group>
            <file>file:/C:/Users/wassim%20mahmoud/Desktop/Game/src/view/HowToPlay.java</file>
            <file>file:/C:/Users/wassim%20mahmoud/Desktop/Game/src/model/Memento.java</file>
            <file>file:/C:/Users/wassim%20mahmoud/Desktop/Game/src/model/CareTaker.java</file>
            <file>file:/C:/Users/wassim%20mahmoud/Desktop/Game/src/model/StateUnArmored.java</file>
            <file>file:/C:/Users/wassim%20mahmoud/Desktop/Game/src/model/StateArmored.java</file>
            <file>file:/C:/Users/wassim%20mahmoud/Desktop/Game/src/view/GameView.java</file>
            <file>file:/C:/Users/wassim%20mahmoud/Desktop/Game/src/model/Bullet.java</file>
            <file>file:/C:/Users/wassim%20mahmoud/Desktop/Game/src/model/Character.java</file>
            <file>file:/C:/Users/wassim%20mahmoud/Desktop/Game/src/view/Starter.java</file>
            <file>file:/C:/Users/wassim%20mahmoud/Desktop/Game/src/controller/MyController.java</file>
            <file>file:/C:/Users/wassim%20mahmoud/Desktop/Game/src/model/MainPlayer.java</file>
            <file>file:/C:/Users/wassim%20mahmoud/Desktop/Game/src/model/Mazes.java</file>
            <file>file:/C:/Users/wassim%20mahmoud/Desktop/Game/src/model/AmmoGift.java</file>
            <file>file:/C:/Users/wassim%20mahmoud/Desktop/Game/src/model/HealthGift.java</file>
        </group>
    </open-files>
</project-private>
